feature,importance
servqual_responsiveness,0.3532866046504061
servqual_reliability,0.29744399501312324
servqual_assurance,0.09674082058031688
clv,0.0791550461359828
income,0.05763712671734871
market_rate_diff,0.03975041495767013
customer_tenure,0.037229900440197077
servqual_tangibles,0.021843386469092535
product_count,0.014210815770724755
servqual_empathy,0.002701889265137696
